{
  "seed": 3,
  "metrics": {
    "fid": 187.6116180419922,
    "kid": 0.1612272411584854,
    "kid_std": 0.012203102931380272
  }
}