{
  "seed": 17,
  "metrics": {
    "fid": 95.5380630493164,
    "kid": 0.06305638700723648,
    "kid_std": 0.006763255689293146
  }
}