{
  "fid": 82.23971557617188,
  "kid_mean": 0.06130168214440346,
  "kid_std": 0.007352842949330807
}