{
  "fid": 148.85870361328125,
  "kid_mean": 0.11637308448553085,
  "kid_std": 0.006640980485826731
}