{
  "seed": 58,
  "metrics": {
    "fid": 194.8613739013672,
    "kid": 0.17468656599521637,
    "kid_std": 0.013933815062046051
  }
}