{
  "seed": 123,
  "metrics": {
    "fid": 100.30565643310547,
    "kid": 0.06262700259685516,
    "kid_std": 0.005952215753495693
  }
}