{
  "seed": 71,
  "metrics": {
    "fid": 192.19273376464844,
    "kid": 0.16924381256103516,
    "kid_std": 0.014777382835745811
  }
}