{
  "seed": 512,
  "metrics": {
    "fid": 98.12010955810547,
    "kid": 0.06107724830508232,
    "kid_std": 0.0064775352366268635
  }
}