{
  "seed": 89,
  "metrics": {
    "fid": 86.76448822021484,
    "kid": 0.04750361293554306,
    "kid_std": 0.004167044535279274
  }
}