{
  "seed": 71,
  "metrics": {
    "fid": 105.21501922607422,
    "kid": 0.07288165390491486,
    "kid_std": 0.006928494665771723
  }
}