{
  "seed": 256,
  "metrics": {
    "fid": 189.09136962890625,
    "kid": 0.16734375059604645,
    "kid_std": 0.013936731964349747
  }
}