{
  "seed": 29,
  "metrics": {
    "fid": 193.17752075195312,
    "kid": 0.16718223690986633,
    "kid_std": 0.013466753996908665
  }
}