{
  "seed": 29,
  "metrics": {
    "fid": 96.390625,
    "kid": 0.06505284458398819,
    "kid_std": 0.005878380499780178
  }
}