{
  "seed": 58,
  "metrics": {
    "fid": 105.54044342041016,
    "kid": 0.07374787330627441,
    "kid_std": 0.006962654180824757
  }
}