{
  "seed": 3,
  "metrics": {
    "fid": 104.90243530273438,
    "kid": 0.07315918058156967,
    "kid_std": 0.006810871418565512
  }
}