{
  "seed": 17,
  "metrics": {
    "fid": 185.46527099609375,
    "kid": 0.16086725890636444,
    "kid_std": 0.012577405199408531
  }
}