{
  "seed": 89,
  "metrics": {
    "fid": 195.17283630371094,
    "kid": 0.17270830273628235,
    "kid_std": 0.012007517740130424
  }
}