{
  "seed": 123,
  "metrics": {
    "fid": 182.83299255371094,
    "kid": 0.15836577117443085,
    "kid_std": 0.013061030767858028
  }
}