{
  "seed": 256,
  "metrics": {
    "fid": 91.83221435546875,
    "kid": 0.05407349392771721,
    "kid_std": 0.0061287302523851395
  }
}