{
  "seed": 456,
  "metrics": {
    "fid": 194.0673370361328,
    "kid": 0.17169025540351868,
    "kid_std": 0.014264418743550777
  }
}