{
  "seed": 456,
  "metrics": {
    "fid": 110.24540710449219,
    "kid": 0.08057291060686111,
    "kid_std": 0.00799722783267498
  }
}